Sub-Category,Profit
Tables,-17725.4811
Supplies,-1189.0995
Storage,21278.8264
Phones,44515.7306
Paper,34053.5693
Machines,3384.756900000
Labels,5546.254
Furnishings,13059.1436
Fasteners,949.5182
Envelopes,6964.1767
Copiers,55617.8249
Chairs,26590.1663
Bookcases,-3472.556
Binders,30221.7633
Art,6527.787000000
Appliances,18138.0054
Accessories,41936.6357
