Sub-Category,Sales
Phones,330007.054
Chairs,328449.103
Storage,223843.608
Tables,206965.532
Binders,203412.733
Machines,189238.631
Accessories,167380.318
Copiers,149528.03
Bookcases,114879.9963
Appliances,107532.161
Furnishings,91705.164000000
Paper,78479.206000000
Supplies,46673.538
Art,27118.792
Envelopes,16476.402
Labels,12486.312
Fasteners,3024.28
